<?xml version="1.0" encoding="UTF-8"?>
<modification>
    <code>ecpaypayment</code>
    <name>ECPay Payment</name>
    <version>1.0.180509</version>
    <author>ECPay</author>
    <link>https://www.ecpay.com.tw/</link>
    <file path="catalog/view/theme/*/template/checkout/payment_method.twig">
        <operation>
            <search><![CDATA[ 
            {{ payment_method.title }}
            ]]></search>
            <add position="after"><![CDATA[
            {% include 'default/template/extension/payment/ecpaypayment_input.twig' %}
            ]]></add>
        </operation>
    </file>
    
   <file path="catalog/controller/checkout/payment_method.php">
       <operation>
           <search><![CDATA[
           $this->response->setOutput($this->load->view('checkout/payment_method', $data));
           ]]></search>
           <add position="before"><![CDATA[
           include_once("catalog/controller/extension/payment/ecpaypayment_get_payments.php");
           ]]></add>
       </operation>
   </file>
</modification>
